,
0,1
0.01,0.98865
0.02,0.95486
0.03,0.89941
0.04,0.82353
0.05,0.72897
0.06,0.61786
0.07,0.49273
0.08,0.35641
0.09,0.21201
0.1,0.062791
0.11,-0.087851
0.12,-0.2365
0.13,-0.37978
0.14,-0.51444
0.15,-0.63742
0.16,-0.74594
0.17,-0.83753
0.18,-0.91011
0.19,-0.96203
0.2,-0.99211
0.21,-0.99968
0.22,-0.98456
0.23,-0.9471
0.24,-0.88814
0.25,-0.80902
0.26,-0.71154
0.27,-0.5979
0.28,-0.4707
0.29,-0.33282
0.3,-0.18738
0.31,-0.03769
0.32,0.11286
0.33,0.26084
0.34,0.40291
0.35,0.53583
0.36,0.65659
0.37,0.76244
0.38,0.85099
0.39,0.92023
0.4,0.96858
0.41,0.99495
0.42,0.99874
0.43,0.97986
0.44,0.93873
0.45,0.87631
0.46,0.79399
0.47,0.69365
0.48,0.57757
0.49,0.44838
0.5,0.30902
0.51,0.16264
0.52,0.012566
0.53,-0.13779
0.54,-0.28502
0.55,-0.42578
0.56,-0.55688
0.57,-0.67533
0.58,-0.77846
0.59,-0.86392
0.6,-0.92978
0.61,-0.97453
0.62,-0.99716
0.63,-0.99716
0.64,-0.97453
0.65,-0.92978
0.66,-0.86392
0.67,-0.77846
0.68,-0.67533
0.69,-0.55688
0.7,-0.42578
0.71,-0.28502
0.72,-0.13779
0.73,0.012566
0.74,0.16264
0.75,0.30902
0.76,0.44838
0.77,0.57757
0.78,0.69365
0.79,0.79399
0.8,0.87631
0.81,0.93873
0.82,0.97986
0.83,0.99874
0.84,0.99495
0.85,0.96858
0.86,0.92023
0.87,0.85099
0.88,0.76244
0.89,0.65659
0.9,0.53583
0.91,0.40291
0.92,0.26084
0.93,0.11286
0.94,-0.03769
0.95,-0.18738
0.96,-0.33282
0.97,-0.4707
0.98,-0.5979
0.99,-0.71154
1,-0.80902
1.01,-0.88814
1.02,-0.9471
1.03,-0.98456
1.04,-0.99968
1.05,-0.99211
1.06,-0.96203
1.07,-0.91011
1.08,-0.83753
1.09,-0.74594
1.1,-0.63742
1.11,-0.51444
1.12,-0.37978
1.13,-0.2365
1.14,-0.087851
1.15,0.062791
1.16,0.21201
1.17,0.35641
1.18,0.49273
1.19,0.61786
1.2,0.72897
1.21,0.82353
1.22,0.89941
1.23,0.95486
1.24,0.98865
1.25,1
1.26,0.98865
1.27,0.95486
1.28,0.89941
1.29,0.82353
1.3,0.72897
1.31,0.61786
1.32,0.49273
1.33,0.35641
1.34,0.21201
1.35,0.062791
1.36,-0.087851
1.37,-0.2365
1.38,-0.37978
1.39,-0.51444
1.4,-0.63742
1.41,-0.74594
1.42,-0.83753
1.43,-0.91011
1.44,-0.96203
1.45,-0.99211
1.46,-0.99968
1.47,-0.98456
1.48,-0.9471
1.49,-0.88814
1.5,-0.80902
1.51,-0.71154
1.52,-0.5979
1.53,-0.4707
1.54,-0.33282
1.55,-0.18738
1.56,-0.03769
1.57,0.11286
1.58,0.26084
1.59,0.40291
1.6,0.53583
1.61,0.65659
1.62,0.76244
1.63,0.85099
1.64,0.92023
1.65,0.96858
1.66,0.99495
1.67,0.99874
1.68,0.97986
1.69,0.93873
1.7,0.87631
1.71,0.79399
1.72,0.69365
1.73,0.57757
1.74,0.44838
1.75,0.30902
1.76,0.16264
1.77,0.012566
1.78,-0.13779
1.79,-0.28502
1.8,-0.42578
1.81,-0.55688
1.82,-0.67533
1.83,-0.77846
1.84,-0.86392
1.85,-0.92978
1.86,-0.97453
1.87,-0.99716
1.88,-0.99716
1.89,-0.97453
1.9,-0.92978
1.91,-0.86392
1.92,-0.77846
1.93,-0.67533
1.94,-0.55688
1.95,-0.42578
1.96,-0.28502
1.97,-0.13779
1.98,0.012566
1.99,0.16264
2,0.30902
2.01,0.44838
2.02,0.57757
2.03,0.69365
2.04,0.79399
2.05,0.87631
2.06,0.93873
2.07,0.97986
2.08,0.99874
2.09,0.99495
2.1,0.96858
2.11,0.92023
2.12,0.85099
2.13,0.76244
2.14,0.65659
2.15,0.53583
2.16,0.40291
2.17,0.26084
2.18,0.11286
2.19,-0.03769
2.2,-0.18738
2.21,-0.33282
2.22,-0.4707
2.23,-0.5979
2.24,-0.71154
2.25,-0.80902
2.26,-0.88814
2.27,-0.9471
2.28,-0.98456
2.29,-0.99968
2.3,-0.99211
2.31,-0.96203
2.32,-0.91011
2.33,-0.83753
2.34,-0.74594
2.35,-0.63742
2.36,-0.51444
2.37,-0.37978
2.38,-0.2365
2.39,-0.087851
2.4,0.062791
2.41,0.21201
2.42,0.35641
2.43,0.49273
2.44,0.61786
2.45,0.72897
2.46,0.82353
2.47,0.89941
2.48,0.95486
2.49,0.98865
2.5,1
2.51,0.98865
2.52,0.95486
2.53,0.89941
2.54,0.82353
2.55,0.72897
2.56,0.61786
2.57,0.49273
2.58,0.35641
2.59,0.21201
2.6,0.062791
2.61,-0.087851
2.62,-0.2365
2.63,-0.37978
2.64,-0.51444
2.65,-0.63742
2.66,-0.74594
2.67,-0.83753
2.68,-0.91011
2.69,-0.96203
2.7,-0.99211
2.71,-0.99968
2.72,-0.98456
2.73,-0.9471
2.74,-0.88814
2.75,-0.80902
2.76,-0.71154
2.77,-0.5979
2.78,-0.4707
2.79,-0.33282
2.8,-0.18738
2.81,-0.03769
2.82,0.11286
2.83,0.26084
2.84,0.40291
2.85,0.53583
2.86,0.65659
2.87,0.76244
2.88,0.85099
2.89,0.92023
2.9,0.96858
2.91,0.99495
2.92,0.99874
2.93,0.97986
2.94,0.93873
2.95,0.87631
2.96,0.79399
2.97,0.69365
2.98,0.57757
2.99,0.44838
3,0.30902
3.01,0.16264
3.02,0.012566
3.03,-0.13779
3.04,-0.28502
3.05,-0.42578
3.06,-0.55688
3.07,-0.67533
3.08,-0.77846
3.09,-0.86392
3.1,-0.92978
3.11,-0.97453
3.12,-0.99716
3.13,-0.99716
3.14,-0.97453
3.15,-0.92978
3.16,-0.86392
3.17,-0.77846
3.18,-0.67533
3.19,-0.55688
3.2,-0.42578
3.21,-0.28502
3.22,-0.13779
3.23,0.012566
3.24,0.16264
3.25,0.30902
3.26,0.44838
3.27,0.57757
3.28,0.69365
3.29,0.79399
3.3,0.87631
3.31,0.93873
3.32,0.97986
3.33,0.99874
3.34,0.99495
3.35,0.96858
3.36,0.92023
3.37,0.85099
3.38,0.76244
3.39,0.65659
3.4,0.53583
3.41,0.40291
3.42,0.26084
3.43,0.11286
3.44,-0.03769
3.45,-0.18738
3.46,-0.33282
3.47,-0.4707
3.48,-0.5979
3.49,-0.71154
3.5,-0.80902
3.51,-0.88814
3.52,-0.9471
3.53,-0.98456
3.54,-0.99968
3.55,-0.99211
3.56,-0.96203
3.57,-0.91011
3.58,-0.83753
3.59,-0.74594
3.6,-0.63742
3.61,-0.51444
3.62,-0.37978
3.63,-0.2365
3.64,-0.087851
3.65,0.062791
3.66,0.21201
3.67,0.35641
3.68,0.49273
3.69,0.61786
3.7,0.72897
3.71,0.82353
3.72,0.89941
3.73,0.95486
3.74,0.98865
3.75,1
3.76,0.98865
3.77,0.95486
3.78,0.89941
3.79,0.82353
3.8,0.72897
3.81,0.61786
3.82,0.49273
3.83,0.35641
3.84,0.21201
3.85,0.062791
3.86,-0.087851
3.87,-0.2365
3.88,-0.37978
3.89,-0.51444
3.9,-0.63742
3.91,-0.74594
3.92,-0.83753
3.93,-0.91011
3.94,-0.96203
3.95,-0.99211
3.96,-0.99968
3.97,-0.98456
3.98,-0.9471
3.99,-0.88814
4,-0.80902
4.01,-0.71154
4.02,-0.5979
4.03,-0.4707
4.04,-0.33282
4.05,-0.18738
4.06,-0.03769
4.07,0.11286
4.08,0.26084
4.09,0.40291
4.1,0.53583
4.11,0.65659
4.12,0.76244
4.13,0.85099
4.14,0.92023
4.15,0.96858
4.16,0.99495
4.17,0.99874
4.18,0.97986
4.19,0.93873
4.2,0.87631
4.21,0.79399
4.22,0.69365
4.23,0.57757
4.24,0.44838
4.25,0.30902
4.26,0.16264
4.27,0.012566
4.28,-0.13779
4.29,-0.28502
4.3,-0.42578
4.31,-0.55688
4.32,-0.67533
4.33,-0.77846
4.34,-0.86392
4.35,-0.92978
4.36,-0.97453
4.37,-0.99716
4.38,-0.99716
4.39,-0.97453
4.4,-0.92978
4.41,-0.86392
4.42,-0.77846
4.43,-0.67533
4.44,-0.55688
4.45,-0.42578
4.46,-0.28502
4.47,-0.13779
4.48,0.012566
4.49,0.16264
4.5,0.30902
4.51,0.44838
4.52,0.57757
4.53,0.69365
4.54,0.79399
4.55,0.87631
4.56,0.93873
4.57,0.97986
4.58,0.99874
4.59,0.99495
4.6,0.96858
4.61,0.92023
4.62,0.85099
4.63,0.76244
4.64,0.65659
4.65,0.53583
4.66,0.40291
4.67,0.26084
4.68,0.11286
4.69,-0.03769
4.7,-0.18738
4.71,-0.33282
4.72,-0.4707
4.73,-0.5979
4.74,-0.71154
4.75,-0.80902
4.76,-0.88814
4.77,-0.9471
4.78,-0.98456
4.79,-0.99968
4.8,-0.99211
4.81,-0.96203
4.82,-0.91011
4.83,-0.83753
4.84,-0.74594
4.85,-0.63742
4.86,-0.51444
4.87,-0.37978
4.88,-0.2365
4.89,-0.087851
4.9,0.062791
4.91,0.21201
4.92,0.35641
4.93,0.49273
4.94,0.61786
4.95,0.72897
4.96,0.82353
4.97,0.89941
4.98,0.95486
4.99,0.98865
5,1
5.01,0.98865
5.02,0.95486
5.03,0.89941
5.04,0.82353
5.05,0.72897
5.06,0.61786
5.07,0.49273
5.08,0.35641
5.09,0.21201
5.1,0.062791
5.11,-0.087851
5.12,-0.2365
5.13,-0.37978
5.14,-0.51444
5.15,-0.63742
5.16,-0.74594
5.17,-0.83753
5.18,-0.91011
5.19,-0.96203
5.2,-0.99211
5.21,-0.99968
5.22,-0.98456
5.23,-0.9471
5.24,-0.88814
5.25,-0.80902
5.26,-0.71154
5.27,-0.5979
5.28,-0.4707
5.29,-0.33282
5.3,-0.18738
5.31,-0.03769
5.32,0.11286
5.33,0.26084
5.34,0.40291
5.35,0.53583
5.36,0.65659
5.37,0.76244
5.38,0.85099
5.39,0.92023
5.4,0.96858
5.41,0.99495
5.42,0.99874
5.43,0.97986
5.44,0.93873
5.45,0.87631
5.46,0.79399
5.47,0.69365
5.48,0.57757
5.49,0.44838
5.5,0.30902
5.51,0.16264
5.52,0.012566
5.53,-0.13779
5.54,-0.28502
5.55,-0.42578
5.56,-0.55688
5.57,-0.67533
5.58,-0.77846
5.59,-0.86392
5.6,-0.92978
5.61,-0.97453
5.62,-0.99716
5.63,-0.99716
5.64,-0.97453
5.65,-0.92978
5.66,-0.86392
5.67,-0.77846
5.68,-0.67533
5.69,-0.55688
5.7,-0.42578
5.71,-0.28502
5.72,-0.13779
5.73,0.012566
5.74,0.16264
5.75,0.30902
5.76,0.44838
5.77,0.57757
5.78,0.69365
5.79,0.79399
5.8,0.87631
5.81,0.93873
5.82,0.97986
5.83,0.99874
5.84,0.99495
5.85,0.96858
5.86,0.92023
5.87,0.85099
5.88,0.76244
5.89,0.65659
5.9,0.53583
5.91,0.40291
5.92,0.26084
5.93,0.11286
5.94,-0.03769
5.95,-0.18738
5.96,-0.33282
5.97,-0.4707
5.98,-0.5979
5.99,-0.71154
6,-0.80902
6.01,-0.88814
6.02,-0.9471
6.03,-0.98456
6.04,-0.99968
6.05,-0.99211
6.06,-0.96203
6.07,-0.91011
6.08,-0.83753
6.09,-0.74594
6.1,-0.63742
6.11,-0.51444
6.12,-0.37978
6.13,-0.2365
6.14,-0.087851
6.15,0.062791
6.16,0.21201
6.17,0.35641
6.18,0.49273
6.19,0.61786
6.2,0.72897
6.21,0.82353
6.22,0.89941
6.23,0.95486
6.24,0.98865
6.25,1
6.26,0.98865
6.27,0.95486
6.28,0.89941
6.29,0.82353
6.3,0.72897
6.31,0.61786
6.32,0.49273
6.33,0.35641
6.34,0.21201
6.35,0.062791
6.36,-0.087851
6.37,-0.2365
6.38,-0.37978
6.39,-0.51444
6.4,-0.63742
6.41,-0.74594
6.42,-0.83753
6.43,-0.91011
6.44,-0.96203
6.45,-0.99211
6.46,-0.99968
6.47,-0.98456
6.48,-0.9471
6.49,-0.88814
6.5,-0.80902
6.51,-0.71154
6.52,-0.5979
6.53,-0.4707
6.54,-0.33282
6.55,-0.18738
6.56,-0.03769
6.57,0.11286
6.58,0.26084
6.59,0.40291
6.6,0.53583
6.61,0.65659
6.62,0.76244
6.63,0.85099
6.64,0.92023
6.65,0.96858
6.66,0.99495
6.67,0.99874
6.68,0.97986
6.69,0.93873
6.7,0.87631
6.71,0.79399
6.72,0.69365
6.73,0.57757
6.74,0.44838
6.75,0.30902
6.76,0.16264
6.77,0.012566
6.78,-0.13779
6.79,-0.28502
6.8,-0.42578
6.81,-0.55688
6.82,-0.67533
6.83,-0.77846
6.84,-0.86392
6.85,-0.92978
6.86,-0.97453
6.87,-0.99716
6.88,-0.99716
6.89,-0.97453
6.9,-0.92978
6.91,-0.86392
6.92,-0.77846
6.93,-0.67533
6.94,-0.55688
6.95,-0.42578
6.96,-0.28502
6.97,-0.13779
6.98,0.012566
6.99,0.16264
7,0.30902
7.01,0.44838
7.02,0.57757
7.03,0.69365
7.04,0.79399
7.05,0.87631
7.06,0.93873
7.07,0.97986
7.08,0.99874
7.09,0.99495
7.1,0.96858
7.11,0.92023
7.12,0.85099
7.13,0.76244
7.14,0.65659
7.15,0.53583
7.16,0.40291
7.17,0.26084
7.18,0.11286
7.19,-0.03769
7.2,-0.18738
7.21,-0.33282
7.22,-0.4707
7.23,-0.5979
7.24,-0.71154
7.25,-0.80902
7.26,-0.88814
7.27,-0.9471
7.28,-0.98456
7.29,-0.99968
7.3,-0.99211
7.31,-0.96203
7.32,-0.91011
7.33,-0.83753
7.34,-0.74594
7.35,-0.63742
7.36,-0.51444
7.37,-0.37978
7.38,-0.2365
7.39,-0.087851
7.4,0.062791
7.41,0.21201
7.42,0.35641
7.43,0.49273
7.44,0.61786
7.45,0.72897
7.46,0.82353
7.47,0.89941
7.48,0.95486
7.49,0.98865
7.5,1
7.51,0.98865
7.52,0.95486
7.53,0.89941
7.54,0.82353
7.55,0.72897
7.56,0.61786
7.57,0.49273
7.58,0.35641
7.59,0.21201
7.6,0.062791
7.61,-0.087851
7.62,-0.2365
7.63,-0.37978
7.64,-0.51444
7.65,-0.63742
7.66,-0.74594
7.67,-0.83753
7.68,-0.91011
7.69,-0.96203
7.7,-0.99211
7.71,-0.99968
7.72,-0.98456
7.73,-0.9471
7.74,-0.88814
7.75,-0.80902
7.76,-0.71154
7.77,-0.5979
7.78,-0.4707
7.79,-0.33282
7.8,-0.18738
7.81,-0.03769
7.82,0.11286
7.83,0.26084
7.84,0.40291
7.85,0.53583
7.86,0.65659
7.87,0.76244
7.88,0.85099
7.89,0.92023
7.9,0.96858
7.91,0.99495
7.92,0.99874
7.93,0.97986
7.94,0.93873
7.95,0.87631
7.96,0.79399
7.97,0.69365
7.98,0.57757
7.99,0.44838
8,0.30902
8.01,0.16264
8.02,0.012566
8.03,-0.13779
8.04,-0.28502
8.05,-0.42578
8.06,-0.55688
8.07,-0.67533
8.08,-0.77846
8.09,-0.86392
8.1,-0.92978
8.11,-0.97453
8.12,-0.99716
8.13,-0.99716
8.14,-0.97453
8.15,-0.92978
8.16,-0.86392
8.17,-0.77846
8.18,-0.67533
8.19,-0.55688
8.2,-0.42578
8.21,-0.28502
8.22,-0.13779
8.23,0.012566
8.24,0.16264
8.25,0.30902
8.26,0.44838
8.27,0.57757
8.28,0.69365
8.29,0.79399
8.3,0.87631
8.31,0.93873
8.32,0.97986
8.33,0.99874
8.34,0.99495
8.35,0.96858
8.36,0.92023
8.37,0.85099
8.38,0.76244
8.39,0.65659
8.4,0.53583
8.41,0.40291
8.42,0.26084
8.43,0.11286
8.44,-0.03769
8.45,-0.18738
8.46,-0.33282
8.47,-0.4707
8.48,-0.5979
8.49,-0.71154
8.5,-0.80902
8.51,-0.88814
8.52,-0.9471
8.53,-0.98456
8.54,-0.99968
8.55,-0.99211
8.56,-0.96203
8.57,-0.91011
8.58,-0.83753
8.59,-0.74594
8.6,-0.63742
8.61,-0.51444
8.62,-0.37978
8.63,-0.2365
8.64,-0.087851
8.65,0.062791
8.66,0.21201
8.67,0.35641
8.68,0.49273
8.69,0.61786
8.7,0.72897
8.71,0.82353
8.72,0.89941
8.73,0.95486
8.74,0.98865
8.75,1
8.76,0.98865
8.77,0.95486
8.78,0.89941
8.79,0.82353
8.8,0.72897
8.81,0.61786
8.82,0.49273
8.83,0.35641
8.84,0.21201
8.85,0.062791
8.86,-0.087851
8.87,-0.2365
8.88,-0.37978
8.89,-0.51444
8.9,-0.63742
8.91,-0.74594
8.92,-0.83753
8.93,-0.91011
8.94,-0.96203
8.95,-0.99211
8.96,-0.99968
8.97,-0.98456
8.98,-0.9471
8.99,-0.88814
9,-0.80902
9.01,-0.71154
9.02,-0.5979
9.03,-0.4707
9.04,-0.33282
9.05,-0.18738
9.06,-0.03769
9.07,0.11286
9.08,0.26084
9.09,0.40291
9.1,0.53583
9.11,0.65659
9.12,0.76244
9.13,0.85099
9.14,0.92023
9.15,0.96858
9.16,0.99495
9.17,0.99874
9.18,0.97986
9.19,0.93873
9.2,0.87631
9.21,0.79399
9.22,0.69365
9.23,0.57757
9.24,0.44838
9.25,0.30902
9.26,0.16264
9.27,0.012566
9.28,-0.13779
9.29,-0.28502
9.3,-0.42578
9.31,-0.55688
9.32,-0.67533
9.33,-0.77846
9.34,-0.86392
9.35,-0.92978
9.36,-0.97453
9.37,-0.99716
9.38,-0.99716
9.39,-0.97453
9.4,-0.92978
9.41,-0.86392
9.42,-0.77846
9.43,-0.67533
9.44,-0.55688
9.45,-0.42578
9.46,-0.28502
9.47,-0.13779
9.48,0.012566
9.49,0.16264
9.5,0.30902
9.51,0.44838
9.52,0.57757
9.53,0.69365
9.54,0.79399
9.55,0.87631
9.56,0.93873
9.57,0.97986
9.58,0.99874
9.59,0.99495
9.6,0.96858
9.61,0.92023
9.62,0.85099
9.63,0.76244
9.64,0.65659
9.65,0.53583
9.66,0.40291
9.67,0.26084
9.68,0.11286
9.69,-0.03769
9.7,-0.18738
9.71,-0.33282
9.72,-0.4707
9.73,-0.5979
9.74,-0.71154
9.75,-0.80902
9.76,-0.88814
9.77,-0.9471
9.78,-0.98456
9.79,-0.99968
9.8,-0.99211
9.81,-0.96203
9.82,-0.91011
9.83,-0.83753
9.84,-0.74594
9.85,-0.63742
9.86,-0.51444
9.87,-0.37978
9.88,-0.2365
9.89,-0.087851
9.9,0.062791
9.91,0.21201
9.92,0.35641
9.93,0.49273
9.94,0.61786
9.95,0.72897
9.96,0.82353
9.97,0.89941
9.98,0.95486
9.99,0.98865
10,1
10.01,0.98865
10.02,0.95486
10.03,0.89941
10.04,0.82353
10.05,0.72897
10.06,0.61786
10.07,0.49273
10.08,0.35641
10.09,0.21201
10.1,0.062791
10.11,-0.087851
10.12,-0.2365
10.13,-0.37978
10.14,-0.51444
10.15,-0.63742
10.16,-0.74594
10.17,-0.83753
10.18,-0.91011
10.19,-0.96203
10.2,-0.99211
10.21,-0.99968
10.22,-0.98456
10.23,-0.9471
10.24,-0.88814
10.25,-0.80902
10.26,-0.71154
10.27,-0.5979
10.28,-0.4707
10.29,-0.33282
10.3,-0.18738
10.31,-0.03769
10.32,0.11286
10.33,0.26084
10.34,0.40291
10.35,0.53583
10.36,0.65659
10.37,0.76244
10.38,0.85099
10.39,0.92023
10.4,0.96858
10.41,0.99495
10.42,0.99874
10.43,0.97986
10.44,0.93873
10.45,0.87631
10.46,0.79399
10.47,0.69365
10.48,0.57757
10.49,0.44838
10.5,0.30902
10.51,0.16264
10.52,0.012566
10.53,-0.13779
10.54,-0.28502
10.55,-0.42578
10.56,-0.55688
10.57,-0.67533
10.58,-0.77846
10.59,-0.86392
10.6,-0.92978
10.61,-0.97453
10.62,-0.99716
10.63,-0.99716
10.64,-0.97453
10.65,-0.92978
10.66,-0.86392
10.67,-0.77846
10.68,-0.67533
10.69,-0.55688
10.7,-0.42578
10.71,-0.28502
10.72,-0.13779
10.73,0.012566
10.74,0.16264
10.75,0.30902
10.76,0.44838
10.77,0.57757
10.78,0.69365
10.79,0.79399
10.8,0.87631
10.81,0.93873
10.82,0.97986
10.83,0.99874
10.84,0.99495
10.85,0.96858
10.86,0.92023
10.87,0.85099
10.88,0.76244
10.89,0.65659
10.9,0.53583
10.91,0.40291
10.92,0.26084
10.93,0.11286
10.94,-0.03769
10.95,-0.18738
10.96,-0.33282
10.97,-0.4707
10.98,-0.5979
10.99,-0.71154
11,-0.80902
11.01,-0.88814
11.02,-0.9471
11.03,-0.98456
11.04,-0.99968
11.05,-0.99211
11.06,-0.96203
11.07,-0.91011
11.08,-0.83753
11.09,-0.74594
11.1,-0.63742
11.11,-0.51444
11.12,-0.37978
11.13,-0.2365
11.14,-0.087851
11.15,0.062791
11.16,0.21201
11.17,0.35641
11.18,0.49273
11.19,0.61786
11.2,0.72897
11.21,0.82353
11.22,0.89941
11.23,0.95486
11.24,0.98865
11.25,1
11.26,0.98865
11.27,0.95486
11.28,0.89941
11.29,0.82353
11.3,0.72897
11.31,0.61786
11.32,0.49273
11.33,0.35641
11.34,0.21201
11.35,0.062791
11.36,-0.087851
11.37,-0.2365
11.38,-0.37978
11.39,-0.51444
11.4,-0.63742
11.41,-0.74594
11.42,-0.83753
11.43,-0.91011
11.44,-0.96203
11.45,-0.99211
11.46,-0.99968
11.47,-0.98456
11.48,-0.9471
11.49,-0.88814
11.5,-0.80902
11.51,-0.71154
11.52,-0.5979
11.53,-0.4707
11.54,-0.33282
11.55,-0.18738
11.56,-0.03769
11.57,0.11286
11.58,0.26084
11.59,0.40291
11.6,0.53583
11.61,0.65659
11.62,0.76244
11.63,0.85099
11.64,0.92023
11.65,0.96858
11.66,0.99495
11.67,0.99874
11.68,0.97986
11.69,0.93873
11.7,0.87631
11.71,0.79399
11.72,0.69365
11.73,0.57757
11.74,0.44838
11.75,0.30902
11.76,0.16264
11.77,0.012566
11.78,-0.13779
11.79,-0.28502
11.8,-0.42578
11.81,-0.55688
11.82,-0.67533
11.83,-0.77846
11.84,-0.86392
11.85,-0.92978
11.86,-0.97453
11.87,-0.99716
11.88,-0.99716
11.89,-0.97453
11.9,-0.92978
11.91,-0.86392
11.92,-0.77846
11.93,-0.67533
11.94,-0.55688
11.95,-0.42578
11.96,-0.28502
11.97,-0.13779
11.98,0.012566
11.99,0.16264
12,0.30902
12.01,0.44838
12.02,0.57757
12.03,0.69365
12.04,0.79399
12.05,0.87631
12.06,0.93873
12.07,0.97986
12.08,0.99874
12.09,0.99495
12.1,0.96858
12.11,0.92023
12.12,0.85099
12.13,0.76244
12.14,0.65659
12.15,0.53583
12.16,0.40291
12.17,0.26084
12.18,0.11286
12.19,-0.03769
12.2,-0.18738
12.21,-0.33282
12.22,-0.4707
12.23,-0.5979
12.24,-0.71154
12.25,-0.80902
12.26,-0.88814
12.27,-0.9471
12.28,-0.98456
12.29,-0.99968
12.3,-0.99211
12.31,-0.96203
12.32,-0.91011
12.33,-0.83753
12.34,-0.74594
12.35,-0.63742
12.36,-0.51444
12.37,-0.37978
12.38,-0.2365
12.39,-0.087851
12.4,0.062791
12.41,0.21201
12.42,0.35641
12.43,0.49273
12.44,0.61786
12.45,0.72897
12.46,0.82353
12.47,0.89941
12.48,0.95486
12.49,0.98865
12.5,1
12.51,0.98865
12.52,0.95486
12.53,0.89941
12.54,0.82353
12.55,0.72897
12.56,0.61786
12.57,0.49273
12.58,0.35641
12.59,0.21201
12.6,0.062791
12.61,-0.087851
12.62,-0.2365
12.63,-0.37978
12.64,-0.51444
12.65,-0.63742
12.66,-0.74594
12.67,-0.83753
12.68,-0.91011
12.69,-0.96203
12.7,-0.99211
12.71,-0.99968
12.72,-0.98456
12.73,-0.9471
12.74,-0.88814
12.75,-0.80902
12.76,-0.71154
12.77,-0.5979
12.78,-0.4707
12.79,-0.33282
12.8,-0.18738
12.81,-0.03769
12.82,0.11286
12.83,0.26084
12.84,0.40291
12.85,0.53583
12.86,0.65659
12.87,0.76244
12.88,0.85099
12.89,0.92023
12.9,0.96858
12.91,0.99495
12.92,0.99874
12.93,0.97986
12.94,0.93873
12.95,0.87631
12.96,0.79399
12.97,0.69365
12.98,0.57757
12.99,0.44838
13,0.30902
13.01,0.16264
13.02,0.012566
13.03,-0.13779
13.04,-0.28502
13.05,-0.42578
13.06,-0.55688
13.07,-0.67533
13.08,-0.77846
13.09,-0.86392
13.1,-0.92978
13.11,-0.97453
13.12,-0.99716
13.13,-0.99716
13.14,-0.97453
13.15,-0.92978
13.16,-0.86392
13.17,-0.77846
13.18,-0.67533
13.19,-0.55688
13.2,-0.42578
13.21,-0.28502
13.22,-0.13779
13.23,0.012566
13.24,0.16264
13.25,0.30902
13.26,0.44838
13.27,0.57757
13.28,0.69365
13.29,0.79399
13.3,0.87631
13.31,0.93873
13.32,0.97986
13.33,0.99874
13.34,0.99495
13.35,0.96858
13.36,0.92023
13.37,0.85099
13.38,0.76244
13.39,0.65659
13.4,0.53583
13.41,0.40291
13.42,0.26084
13.43,0.11286
13.44,-0.03769
13.45,-0.18738
13.46,-0.33282
13.47,-0.4707
13.48,-0.5979
13.49,-0.71154
13.5,-0.80902
13.51,-0.88814
13.52,-0.9471
13.53,-0.98456
13.54,-0.99968
13.55,-0.99211
13.56,-0.96203
13.57,-0.91011
13.58,-0.83753
13.59,-0.74594
13.6,-0.63742
13.61,-0.51444
13.62,-0.37978
13.63,-0.2365
13.64,-0.087851
13.65,0.062791
13.66,0.21201
13.67,0.35641
13.68,0.49273
13.69,0.61786
13.7,0.72897
13.71,0.82353
13.72,0.89941
13.73,0.95486
13.74,0.98865
13.75,1
13.76,0.98865
13.77,0.95486
13.78,0.89941
13.79,0.82353
13.8,0.72897
13.81,0.61786
13.82,0.49273
13.83,0.35641
13.84,0.21201
13.85,0.062791
13.86,-0.087851
13.87,-0.2365
13.88,-0.37978
13.89,-0.51444
13.9,-0.63742
13.91,-0.74594
13.92,-0.83753
13.93,-0.91011
13.94,-0.96203
13.95,-0.99211
13.96,-0.99968
13.97,-0.98456
13.98,-0.9471
13.99,-0.88814
14,-0.80902
14.01,-0.71154
14.02,-0.5979
14.03,-0.4707
14.04,-0.33282
14.05,-0.18738
14.06,-0.03769
14.07,0.11286
14.08,0.26084
14.09,0.40291
14.1,0.53583
14.11,0.65659
14.12,0.76244
14.13,0.85099
14.14,0.92023
14.15,0.96858
14.16,0.99495
14.17,0.99874
14.18,0.97986
14.19,0.93873
14.2,0.87631
14.21,0.79399
14.22,0.69365
14.23,0.57757
14.24,0.44838
14.25,0.30902
14.26,0.16264
14.27,0.012566
14.28,-0.13779
14.29,-0.28502
14.3,-0.42578
14.31,-0.55688
14.32,-0.67533
14.33,-0.77846
14.34,-0.86392
14.35,-0.92978
14.36,-0.97453
14.37,-0.99716
14.38,-0.99716
14.39,-0.97453
14.4,-0.92978
14.41,-0.86392
14.42,-0.77846
14.43,-0.67533
14.44,-0.55688
14.45,-0.42578
14.46,-0.28502
14.47,-0.13779
14.48,0.012566
14.49,0.16264
14.5,0.30902
14.51,0.44838
14.52,0.57757
14.53,0.69365
14.54,0.79399
14.55,0.87631
14.56,0.93873
14.57,0.97986
14.58,0.99874
14.59,0.99495
14.6,0.96858
14.61,0.92023
14.62,0.85099
14.63,0.76244
14.64,0.65659
14.65,0.53583
14.66,0.40291
14.67,0.26084
14.68,0.11286
14.69,-0.03769
14.7,-0.18738
14.71,-0.33282
14.72,-0.4707
14.73,-0.5979
14.74,-0.71154
14.75,-0.80902
14.76,-0.88814
14.77,-0.9471
14.78,-0.98456
14.79,-0.99968
14.8,-0.99211
14.81,-0.96203
14.82,-0.91011
14.83,-0.83753
14.84,-0.74594
14.85,-0.63742
14.86,-0.51444
14.87,-0.37978
14.88,-0.2365
14.89,-0.087851
14.9,0.062791
14.91,0.21201
14.92,0.35641
14.93,0.49273
14.94,0.61786
14.95,0.72897
14.96,0.82353
14.97,0.89941
14.98,0.95486
14.99,0.98865
15,1
15.01,0.98865
15.02,0.95486
15.03,0.89941
15.04,0.82353
15.05,0.72897
15.06,0.61786
15.07,0.49273
15.08,0.35641
15.09,0.21201
15.1,0.062791
15.11,-0.087851
15.12,-0.2365
15.13,-0.37978
15.14,-0.51444
15.15,-0.63742
15.16,-0.74594
15.17,-0.83753
15.18,-0.91011
15.19,-0.96203
15.2,-0.99211
15.21,-0.99968
15.22,-0.98456
15.23,-0.9471
15.24,-0.88814
15.25,-0.80902
15.26,-0.71154
15.27,-0.5979
15.28,-0.4707
15.29,-0.33282
15.3,-0.18738
15.31,-0.03769
15.32,0.11286
15.33,0.26084
15.34,0.40291
15.35,0.53583
15.36,0.65659
15.37,0.76244
15.38,0.85099
15.39,0.92023
15.4,0.96858
15.41,0.99495
15.42,0.99874
15.43,0.97986
15.44,0.93873
15.45,0.87631
15.46,0.79399
15.47,0.69365
15.48,0.57757
15.49,0.44838
15.5,0.30902
15.51,0.16264
15.52,0.012566
15.53,-0.13779
15.54,-0.28502
15.55,-0.42578
15.56,-0.55688
15.57,-0.67533
15.58,-0.77846
15.59,-0.86392
15.6,-0.92978
15.61,-0.97453
15.62,-0.99716
15.63,-0.99716
15.64,-0.97453
15.65,-0.92978
15.66,-0.86392
15.67,-0.77846
15.68,-0.67533
15.69,-0.55688
15.7,-0.42578
15.71,-0.28502
15.72,-0.13779
15.73,0.012566
15.74,0.16264
15.75,0.30902
15.76,0.44838
15.77,0.57757
15.78,0.69365
15.79,0.79399
15.8,0.87631
15.81,0.93873
15.82,0.97986
15.83,0.99874
15.84,0.99495
15.85,0.96858
15.86,0.92023
15.87,0.85099
15.88,0.76244
15.89,0.65659
15.9,0.53583
15.91,0.40291
15.92,0.26084
15.93,0.11286
15.94,-0.03769
15.95,-0.18738
15.96,-0.33282
15.97,-0.4707
15.98,-0.5979
15.99,-0.71154
16,-0.80902
16.01,-0.88814
16.02,-0.9471
16.03,-0.98456
16.04,-0.99968
16.05,-0.99211
16.06,-0.96203
16.07,-0.91011
16.08,-0.83753
16.09,-0.74594
16.1,-0.63742
16.11,-0.51444
16.12,-0.37978
16.13,-0.2365
16.14,-0.087851
16.15,0.062791
16.16,0.21201
16.17,0.35641
16.18,0.49273
16.19,0.61786
16.2,0.72897
16.21,0.82353
16.22,0.89941
16.23,0.95486
16.24,0.98865
16.25,1
16.26,0.98865
16.27,0.95486
16.28,0.89941
16.29,0.82353
16.3,0.72897
16.31,0.61786
16.32,0.49273
16.33,0.35641
16.34,0.21201
16.35,0.062791
16.36,-0.087851
16.37,-0.2365
16.38,-0.37978
16.39,-0.51444
16.4,-0.63742
16.41,-0.74594
16.42,-0.83753
16.43,-0.91011
16.44,-0.96203
16.45,-0.99211
16.46,-0.99968
16.47,-0.98456
16.48,-0.9471
16.49,-0.88814
16.5,-0.80902
16.51,-0.71154
16.52,-0.5979
16.53,-0.4707
16.54,-0.33282
16.55,-0.18738
16.56,-0.03769
16.57,0.11286
16.58,0.26084
16.59,0.40291
16.6,0.53583
16.61,0.65659
16.62,0.76244
16.63,0.85099
16.64,0.92023
16.65,0.96858
16.66,0.99495
16.67,0.99874
16.68,0.97986
16.69,0.93873
16.7,0.87631
16.71,0.79399
16.72,0.69365
16.73,0.57757
16.74,0.44838
16.75,0.30902
16.76,0.16264
16.77,0.012566
16.78,-0.13779
16.79,-0.28502
16.8,-0.42578
16.81,-0.55688
16.82,-0.67533
16.83,-0.77846
16.84,-0.86392
16.85,-0.92978
16.86,-0.97453
16.87,-0.99716
16.88,-0.99716
16.89,-0.97453
16.9,-0.92978
16.91,-0.86392
16.92,-0.77846
16.93,-0.67533
16.94,-0.55688
16.95,-0.42578
16.96,-0.28502
16.97,-0.13779
16.98,0.012566
16.99,0.16264
17,0.30902
17.01,0.44838
17.02,0.57757
17.03,0.69365
17.04,0.79399
17.05,0.87631
17.06,0.93873
17.07,0.97986
17.08,0.99874
17.09,0.99495
17.1,0.96858
17.11,0.92023
17.12,0.85099
17.13,0.76244
17.14,0.65659
17.15,0.53583
17.16,0.40291
17.17,0.26084
17.18,0.11286
17.19,-0.03769
17.2,-0.18738
17.21,-0.33282
17.22,-0.4707
17.23,-0.5979
17.24,-0.71154
17.25,-0.80902
17.26,-0.88814
17.27,-0.9471
17.28,-0.98456
17.29,-0.99968
17.3,-0.99211
17.31,-0.96203
17.32,-0.91011
17.33,-0.83753
17.34,-0.74594
17.35,-0.63742
17.36,-0.51444
17.37,-0.37978
17.38,-0.2365
17.39,-0.087851
17.4,0.062791
17.41,0.21201
17.42,0.35641
17.43,0.49273
17.44,0.61786
17.45,0.72897
17.46,0.82353
17.47,0.89941
17.48,0.95486
17.49,0.98865
17.5,1
17.51,0.98865
17.52,0.95486
17.53,0.89941
17.54,0.82353
17.55,0.72897
17.56,0.61786
17.57,0.49273
17.58,0.35641
17.59,0.21201
17.6,0.062791
17.61,-0.087851
17.62,-0.2365
17.63,-0.37978
17.64,-0.51444
17.65,-0.63742
17.66,-0.74594
17.67,-0.83753
17.68,-0.91011
17.69,-0.96203
17.7,-0.99211
17.71,-0.99968
17.72,-0.98456
17.73,-0.9471
17.74,-0.88814
17.75,-0.80902
17.76,-0.71154
17.77,-0.5979
17.78,-0.4707
17.79,-0.33282
17.8,-0.18738
17.81,-0.03769
17.82,0.11286
17.83,0.26084
17.84,0.40291
17.85,0.53583
17.86,0.65659
17.87,0.76244
17.88,0.85099
17.89,0.92023
17.9,0.96858
17.91,0.99495
17.92,0.99874
17.93,0.97986
17.94,0.93873
17.95,0.87631
17.96,0.79399
17.97,0.69365
17.98,0.57757
17.99,0.44838
18,0.30902
18.01,0.16264
18.02,0.012566
18.03,-0.13779
18.04,-0.28502
18.05,-0.42578
18.06,-0.55688
18.07,-0.67533
18.08,-0.77846
18.09,-0.86392
18.1,-0.92978
18.11,-0.97453
18.12,-0.99716
18.13,-0.99716
18.14,-0.97453
18.15,-0.92978
18.16,-0.86392
18.17,-0.77846
18.18,-0.67533
18.19,-0.55688
18.2,-0.42578
18.21,-0.28502
18.22,-0.13779
18.23,0.012566
18.24,0.16264
18.25,0.30902
18.26,0.44838
18.27,0.57757
18.28,0.69365
18.29,0.79399
18.3,0.87631
18.31,0.93873
18.32,0.97986
18.33,0.99874
18.34,0.99495
18.35,0.96858
18.36,0.92023
18.37,0.85099
18.38,0.76244
18.39,0.65659
18.4,0.53583
18.41,0.40291
18.42,0.26084
18.43,0.11286
18.44,-0.03769
18.45,-0.18738
18.46,-0.33282
18.47,-0.4707
18.48,-0.5979
18.49,-0.71154
18.5,-0.80902
18.51,-0.88814
18.52,-0.9471
18.53,-0.98456
18.54,-0.99968
18.55,-0.99211
18.56,-0.96203
18.57,-0.91011
18.58,-0.83753
18.59,-0.74594
18.6,-0.63742
18.61,-0.51444
18.62,-0.37978
18.63,-0.2365
18.64,-0.087851
18.65,0.062791
18.66,0.21201
18.67,0.35641
18.68,0.49273
18.69,0.61786
18.7,0.72897
18.71,0.82353
18.72,0.89941
18.73,0.95486
18.74,0.98865
18.75,1
18.76,0.98865
18.77,0.95486
18.78,0.89941
18.79,0.82353
18.8,0.72897
18.81,0.61786
18.82,0.49273
18.83,0.35641
18.84,0.21201
18.85,0.062791
18.86,-0.087851
18.87,-0.2365
18.88,-0.37978
18.89,-0.51444
18.9,-0.63742
18.91,-0.74594
18.92,-0.83753
18.93,-0.91011
18.94,-0.96203
18.95,-0.99211
18.96,-0.99968
18.97,-0.98456
18.98,-0.9471
18.99,-0.88814
19,-0.80902
19.01,-0.71154
19.02,-0.5979
19.03,-0.4707
19.04,-0.33282
19.05,-0.18738
19.06,-0.03769
19.07,0.11286
19.08,0.26084
19.09,0.40291
19.1,0.53583
19.11,0.65659
19.12,0.76244
19.13,0.85099
19.14,0.92023
19.15,0.96858
19.16,0.99495
19.17,0.99874
19.18,0.97986
19.19,0.93873
19.2,0.87631
19.21,0.79399
19.22,0.69365
19.23,0.57757
19.24,0.44838
19.25,0.30902
19.26,0.16264
19.27,0.012566
19.28,-0.13779
19.29,-0.28502
19.3,-0.42578
19.31,-0.55688
19.32,-0.67533
19.33,-0.77846
19.34,-0.86392
19.35,-0.92978
19.36,-0.97453
19.37,-0.99716
19.38,-0.99716
19.39,-0.97453
19.4,-0.92978
19.41,-0.86392
19.42,-0.77846
19.43,-0.67533
19.44,-0.55688
19.45,-0.42578
19.46,-0.28502
19.47,-0.13779
19.48,0.012566
19.49,0.16264
19.5,0.30902
19.51,0.44838
19.52,0.57757
19.53,0.69365
19.54,0.79399
19.55,0.87631
19.56,0.93873
19.57,0.97986
19.58,0.99874
19.59,0.99495
19.6,0.96858
19.61,0.92023
19.62,0.85099
19.63,0.76244
19.64,0.65659
19.65,0.53583
19.66,0.40291
19.67,0.26084
19.68,0.11286
19.69,-0.03769
19.7,-0.18738
19.71,-0.33282
19.72,-0.4707
19.73,-0.5979
19.74,-0.71154
19.75,-0.80902
19.76,-0.88814
19.77,-0.9471
19.78,-0.98456
19.79,-0.99968
19.8,-0.99211
19.81,-0.96203
19.82,-0.91011
19.83,-0.83753
19.84,-0.74594
19.85,-0.63742
19.86,-0.51444
19.87,-0.37978
19.88,-0.2365
19.89,-0.087851
19.9,0.062791
19.91,0.21201
19.92,0.35641
19.93,0.49273
19.94,0.61786
19.95,0.72897
19.96,0.82353
19.97,0.89941
19.98,0.95486
19.99,0.98865
20,1
20.01,0.98865
20.02,0.95486
20.03,0.89941
20.04,0.82353
20.05,0.72897
20.06,0.61786
20.07,0.49273
20.08,0.35641
20.09,0.21201
20.1,0.062791
20.11,-0.087851
20.12,-0.2365
20.13,-0.37978
20.14,-0.51444
20.15,-0.63742
20.16,-0.74594
20.17,-0.83753
20.18,-0.91011
20.19,-0.96203
20.2,-0.99211
20.21,-0.99968
20.22,-0.98456
20.23,-0.9471
20.24,-0.88814
20.25,-0.80902
20.26,-0.71154
20.27,-0.5979
20.28,-0.4707
20.29,-0.33282
20.3,-0.18738
20.31,-0.03769
20.32,0.11286
20.33,0.26084
20.34,0.40291
20.35,0.53583
20.36,0.65659
20.37,0.76244
20.38,0.85099
20.39,0.92023
20.4,0.96858
20.41,0.99495
20.42,0.99874
20.43,0.97986
20.44,0.93873
20.45,0.87631
20.46,0.79399
20.47,0.69365
20.48,0.57757
20.49,0.44838
20.5,0.30902
20.51,0.16264
20.52,0.012566
20.53,-0.13779
20.54,-0.28502
20.55,-0.42578
20.56,-0.55688
20.57,-0.67533
20.58,-0.77846
20.59,-0.86392
20.6,-0.92978
20.61,-0.97453
20.62,-0.99716
20.63,-0.99716
20.64,-0.97453
20.65,-0.92978
20.66,-0.86392
20.67,-0.77846
20.68,-0.67533
20.69,-0.55688
20.7,-0.42578
20.71,-0.28502
20.72,-0.13779
20.73,0.012566
20.74,0.16264
20.75,0.30902
20.76,0.44838
20.77,0.57757
20.78,0.69365
20.79,0.79399
20.8,0.87631
20.81,0.93873
20.82,0.97986
20.83,0.99874
20.84,0.99495
20.85,0.96858
20.86,0.92023
20.87,0.85099
20.88,0.76244
20.89,0.65659
20.9,0.53583
20.91,0.40291
20.92,0.26084
20.93,0.11286
20.94,-0.03769
20.95,-0.18738
20.96,-0.33282
20.97,-0.4707
20.98,-0.5979
20.99,-0.71154
21,-0.80902
21.01,-0.88814
21.02,-0.9471
21.03,-0.98456
21.04,-0.99968
21.05,-0.99211
21.06,-0.96203
21.07,-0.91011
21.08,-0.83753
21.09,-0.74594
21.1,-0.63742
21.11,-0.51444
21.12,-0.37978
21.13,-0.2365
21.14,-0.087851
21.15,0.062791
21.16,0.21201
21.17,0.35641
21.18,0.49273
21.19,0.61786
21.2,0.72897
21.21,0.82353
21.22,0.89941
21.23,0.95486
21.24,0.98865
21.25,1
21.26,0.98865
21.27,0.95486
21.28,0.89941
21.29,0.82353
21.3,0.72897
21.31,0.61786
21.32,0.49273
21.33,0.35641
21.34,0.21201
21.35,0.062791
21.36,-0.087851
21.37,-0.2365
21.38,-0.37978
21.39,-0.51444
21.4,-0.63742
21.41,-0.74594
21.42,-0.83753
21.43,-0.91011
21.44,-0.96203
21.45,-0.99211
21.46,-0.99968
21.47,-0.98456
21.48,-0.9471
21.49,-0.88814
21.5,-0.80902
21.51,-0.71154
21.52,-0.5979
21.53,-0.4707
21.54,-0.33282
21.55,-0.18738
21.56,-0.03769
21.57,0.11286
21.58,0.26084
21.59,0.40291
21.6,0.53583
21.61,0.65659
21.62,0.76244
21.63,0.85099
21.64,0.92023
21.65,0.96858
21.66,0.99495
21.67,0.99874
21.68,0.97986
21.69,0.93873
21.7,0.87631
21.71,0.79399
21.72,0.69365
21.73,0.57757
21.74,0.44838
21.75,0.30902
21.76,0.16264
21.77,0.012566
21.78,-0.13779
21.79,-0.28502
21.8,-0.42578
21.81,-0.55688
21.82,-0.67533
21.83,-0.77846
21.84,-0.86392
21.85,-0.92978
21.86,-0.97453
21.87,-0.99716
21.88,-0.99716
21.89,-0.97453
21.9,-0.92978
21.91,-0.86392
21.92,-0.77846
21.93,-0.67533
21.94,-0.55688
21.95,-0.42578
21.96,-0.28502
21.97,-0.13779
21.98,0.012566
21.99,0.16264
22,0.30902
22.01,0.44838
22.02,0.57757
22.03,0.69365
22.04,0.79399
22.05,0.87631
22.06,0.93873
22.07,0.97986
22.08,0.99874
22.09,0.99495
22.1,0.96858
22.11,0.92023
22.12,0.85099
22.13,0.76244
22.14,0.65659
22.15,0.53583
22.16,0.40291
22.17,0.26084
22.18,0.11286
22.19,-0.03769
22.2,-0.18738
22.21,-0.33282
22.22,-0.4707
22.23,-0.5979
22.24,-0.71154
22.25,-0.80902
22.26,-0.88814
22.27,-0.9471
22.28,-0.98456
22.29,-0.99968
22.3,-0.99211
22.31,-0.96203
22.32,-0.91011
22.33,-0.83753
22.34,-0.74594
22.35,-0.63742
22.36,-0.51444
22.37,-0.37978
22.38,-0.2365
22.39,-0.087851
22.4,0.062791
22.41,0.21201
22.42,0.35641
22.43,0.49273
22.44,0.61786
22.45,0.72897
22.46,0.82353
22.47,0.89941
22.48,0.95486
22.49,0.98865
22.5,1
22.51,0.98865
22.52,0.95486
22.53,0.89941
22.54,0.82353
22.55,0.72897
22.56,0.61786
22.57,0.49273
22.58,0.35641
22.59,0.21201
22.6,0.062791
22.61,-0.087851
22.62,-0.2365
22.63,-0.37978
22.64,-0.51444
22.65,-0.63742
22.66,-0.74594
22.67,-0.83753
22.68,-0.91011
22.69,-0.96203
22.7,-0.99211
22.71,-0.99968
22.72,-0.98456
22.73,-0.9471
22.74,-0.88814
22.75,-0.80902
22.76,-0.71154
22.77,-0.5979
22.78,-0.4707
22.79,-0.33282
22.8,-0.18738
22.81,-0.03769
22.82,0.11286
22.83,0.26084
22.84,0.40291
22.85,0.53583
22.86,0.65659
22.87,0.76244
22.88,0.85099
22.89,0.92023
22.9,0.96858
22.91,0.99495
22.92,0.99874
22.93,0.97986
22.94,0.93873
22.95,0.87631
22.96,0.79399
22.97,0.69365
22.98,0.57757
22.99,0.44838
23,0.30902
23.01,0.16264
23.02,0.012566
23.03,-0.13779
23.04,-0.28502
23.05,-0.42578
23.06,-0.55688
23.07,-0.67533
23.08,-0.77846
23.09,-0.86392
23.1,-0.92978
23.11,-0.97453
23.12,-0.99716
23.13,-0.99716
23.14,-0.97453
23.15,-0.92978
23.16,-0.86392
23.17,-0.77846
23.18,-0.67533
23.19,-0.55688
23.2,-0.42578
23.21,-0.28502
23.22,-0.13779
23.23,0.012566
23.24,0.16264
23.25,0.30902
23.26,0.44838
23.27,0.57757
23.28,0.69365
23.29,0.79399
23.3,0.87631
23.31,0.93873
23.32,0.97986
23.33,0.99874
23.34,0.99495
23.35,0.96858
23.36,0.92023
23.37,0.85099
23.38,0.76244
23.39,0.65659
23.4,0.53583
23.41,0.40291
23.42,0.26084
23.43,0.11286
23.44,-0.03769
23.45,-0.18738
23.46,-0.33282
23.47,-0.4707
23.48,-0.5979
23.49,-0.71154
23.5,-0.80902
23.51,-0.88814
23.52,-0.9471
23.53,-0.98456
23.54,-0.99968
23.55,-0.99211
23.56,-0.96203
23.57,-0.91011
23.58,-0.83753
23.59,-0.74594
23.6,-0.63742
23.61,-0.51444
23.62,-0.37978
23.63,-0.2365
23.64,-0.087851
23.65,0.062791
23.66,0.21201
23.67,0.35641
23.68,0.49273
23.69,0.61786
23.7,0.72897
23.71,0.82353
23.72,0.89941
23.73,0.95486
23.74,0.98865
23.75,1
23.76,0.98865
23.77,0.95486
23.78,0.89941
23.79,0.82353
23.8,0.72897
23.81,0.61786
23.82,0.49273
23.83,0.35641
23.84,0.21201
23.85,0.062791
23.86,-0.087851
23.87,-0.2365
23.88,-0.37978
23.89,-0.51444
23.9,-0.63742
23.91,-0.74594
23.92,-0.83753
23.93,-0.91011
23.94,-0.96203
23.95,-0.99211
23.96,-0.99968
23.97,-0.98456
23.98,-0.9471
23.99,-0.88814
24,-0.80902
24.01,-0.71154
24.02,-0.5979
24.03,-0.4707
24.04,-0.33282
24.05,-0.18738
24.06,-0.03769
24.07,0.11286
24.08,0.26084
24.09,0.40291
24.1,0.53583
24.11,0.65659
24.12,0.76244
24.13,0.85099
24.14,0.92023
24.15,0.96858
24.16,0.99495
24.17,0.99874
24.18,0.97986
24.19,0.93873
24.2,0.87631
24.21,0.79399
24.22,0.69365
24.23,0.57757
24.24,0.44838
24.25,0.30902
24.26,0.16264
24.27,0.012566
24.28,-0.13779
24.29,-0.28502
24.3,-0.42578
24.31,-0.55688
24.32,-0.67533
24.33,-0.77846
24.34,-0.86392
24.35,-0.92978
24.36,-0.97453
24.37,-0.99716
24.38,-0.99716
24.39,-0.97453
24.4,-0.92978
24.41,-0.86392
24.42,-0.77846
24.43,-0.67533
24.44,-0.55688
24.45,-0.42578
24.46,-0.28502
24.47,-0.13779
24.48,0.012566
24.49,0.16264
24.5,0.30902
24.51,0.44838
24.52,0.57757
24.53,0.69365
24.54,0.79399
24.55,0.87631
24.56,0.93873
24.57,0.97986
24.58,0.99874
24.59,0.99495
24.6,0.96858
24.61,0.92023
24.62,0.85099
24.63,0.76244
24.64,0.65659
24.65,0.53583
24.66,0.40291
24.67,0.26084
24.68,0.11286
24.69,-0.03769
24.7,-0.18738
24.71,-0.33282
24.72,-0.4707
24.73,-0.5979
24.74,-0.71154
24.75,-0.80902
24.76,-0.88814
24.77,-0.9471
24.78,-0.98456
24.79,-0.99968
24.8,-0.99211
24.81,-0.96203
24.82,-0.91011
24.83,-0.83753
24.84,-0.74594
24.85,-0.63742
24.86,-0.51444
24.87,-0.37978
24.88,-0.2365
24.89,-0.087851
24.9,0.062791
24.91,0.21201
24.92,0.35641
24.93,0.49273
24.94,0.61786
24.95,0.72897
24.96,0.82353
24.97,0.89941
24.98,0.95486
24.99,0.98865
25,1
25.01,0.98865
25.02,0.95486
25.03,0.89941
25.04,0.82353
25.05,0.72897
25.06,0.61786
25.07,0.49273
25.08,0.35641
25.09,0.21201
25.1,0.062791
25.11,-0.087851
25.12,-0.2365
25.13,-0.37978
25.14,-0.51444
25.15,-0.63742
25.16,-0.74594
25.17,-0.83753
25.18,-0.91011
25.19,-0.96203
25.2,-0.99211
25.21,-0.99968
25.22,-0.98456
25.23,-0.9471
25.24,-0.88814
25.25,-0.80902
25.26,-0.71154
25.27,-0.5979
25.28,-0.4707
25.29,-0.33282
25.3,-0.18738
25.31,-0.03769
25.32,0.11286
25.33,0.26084
25.34,0.40291
25.35,0.53583
25.36,0.65659
25.37,0.76244
25.38,0.85099
25.39,0.92023
25.4,0.96858
25.41,0.99495
25.42,0.99874
25.43,0.97986
25.44,0.93873
25.45,0.87631
25.46,0.79399
25.47,0.69365
25.48,0.57757
25.49,0.44838
25.5,0.30902
25.51,0.16264
25.52,0.012566
25.53,-0.13779
25.54,-0.28502
25.55,-0.42578
25.56,-0.55688
25.57,-0.67533
25.58,-0.77846
25.59,-0.86392
25.6,-0.92978
25.61,-0.97453
25.62,-0.99716
25.63,-0.99716
25.64,-0.97453
25.65,-0.92978
25.66,-0.86392
25.67,-0.77846
25.68,-0.67533
25.69,-0.55688
25.7,-0.42578
25.71,-0.28502
25.72,-0.13779
25.73,0.012566
25.74,0.16264
25.75,0.30902
25.76,0.44838
25.77,0.57757
25.78,0.69365
25.79,0.79399
25.8,0.87631
25.81,0.93873
25.82,0.97986
25.83,0.99874
25.84,0.99495
25.85,0.96858
25.86,0.92023
25.87,0.85099
25.88,0.76244
25.89,0.65659
25.9,0.53583
25.91,0.40291
25.92,0.26084
25.93,0.11286
25.94,-0.03769
25.95,-0.18738
25.96,-0.33282
25.97,-0.4707
25.98,-0.5979
25.99,-0.71154
26,-0.80902
26.01,-0.88814
26.02,-0.9471
26.03,-0.98456
26.04,-0.99968
26.05,-0.99211
26.06,-0.96203
26.07,-0.91011
26.08,-0.83753
26.09,-0.74594
26.1,-0.63742
26.11,-0.51444
26.12,-0.37978
26.13,-0.2365
26.14,-0.087851
26.15,0.062791
26.16,0.21201
26.17,0.35641
26.18,0.49273
26.19,0.61786
26.2,0.72897
26.21,0.82353
26.22,0.89941
26.23,0.95486
26.24,0.98865
26.25,1
26.26,0.98865
26.27,0.95486
26.28,0.89941
26.29,0.82353
26.3,0.72897
26.31,0.61786
26.32,0.49273
26.33,0.35641
26.34,0.21201
26.35,0.062791
26.36,-0.087851
26.37,-0.2365
26.38,-0.37978
26.39,-0.51444
26.4,-0.63742
26.41,-0.74594
26.42,-0.83753
26.43,-0.91011
26.44,-0.96203
26.45,-0.99211
26.46,-0.99968
26.47,-0.98456
26.48,-0.9471
26.49,-0.88814
26.5,-0.80902
26.51,-0.71154
26.52,-0.5979
26.53,-0.4707
26.54,-0.33282
26.55,-0.18738
26.56,-0.03769
26.57,0.11286
26.58,0.26084
26.59,0.40291
26.6,0.53583
26.61,0.65659
26.62,0.76244
26.63,0.85099
26.64,0.92023
26.65,0.96858
26.66,0.99495
26.67,0.99874
26.68,0.97986
26.69,0.93873
26.7,0.87631
26.71,0.79399
26.72,0.69365
26.73,0.57757
26.74,0.44838
26.75,0.30902
26.76,0.16264
26.77,0.012566
26.78,-0.13779
26.79,-0.28502
26.8,-0.42578
26.81,-0.55688
26.82,-0.67533
26.83,-0.77846
26.84,-0.86392
26.85,-0.92978
26.86,-0.97453
26.87,-0.99716
26.88,-0.99716
26.89,-0.97453
26.9,-0.92978
26.91,-0.86392
26.92,-0.77846
26.93,-0.67533
26.94,-0.55688
26.95,-0.42578
26.96,-0.28502
26.97,-0.13779
26.98,0.012566
26.99,0.16264
27,0.30902
27.01,0.44838
27.02,0.57757
27.03,0.69365
27.04,0.79399
27.05,0.87631
27.06,0.93873
27.07,0.97986
27.08,0.99874
27.09,0.99495
27.1,0.96858
27.11,0.92023
27.12,0.85099
27.13,0.76244
27.14,0.65659
27.15,0.53583
27.16,0.40291
27.17,0.26084
27.18,0.11286
27.19,-0.03769
27.2,-0.18738
27.21,-0.33282
27.22,-0.4707
27.23,-0.5979
27.24,-0.71154
27.25,-0.80902
27.26,-0.88814
27.27,-0.9471
27.28,-0.98456
27.29,-0.99968
27.3,-0.99211
27.31,-0.96203
27.32,-0.91011
27.33,-0.83753
27.34,-0.74594
27.35,-0.63742
27.36,-0.51444
27.37,-0.37978
27.38,-0.2365
27.39,-0.087851
27.4,0.062791
27.41,0.21201
27.42,0.35641
27.43,0.49273
27.44,0.61786
27.45,0.72897
27.46,0.82353
27.47,0.89941
27.48,0.95486
27.49,0.98865
27.5,1
27.51,0.98865
27.52,0.95486
27.53,0.89941
27.54,0.82353
27.55,0.72897
27.56,0.61786
27.57,0.49273
27.58,0.35641
27.59,0.21201
27.6,0.062791
27.61,-0.087851
27.62,-0.2365
27.63,-0.37978
27.64,-0.51444
27.65,-0.63742
27.66,-0.74594
27.67,-0.83753
27.68,-0.91011
27.69,-0.96203
27.7,-0.99211
27.71,-0.99968
27.72,-0.98456
27.73,-0.9471
27.74,-0.88814
27.75,-0.80902
27.76,-0.71154
27.77,-0.5979
27.78,-0.4707
27.79,-0.33282
27.8,-0.18738
27.81,-0.03769
27.82,0.11286
27.83,0.26084
27.84,0.40291
27.85,0.53583
27.86,0.65659
27.87,0.76244
27.88,0.85099
27.89,0.92023
27.9,0.96858
27.91,0.99495
27.92,0.99874
27.93,0.97986
27.94,0.93873
27.95,0.87631
27.96,0.79399
27.97,0.69365
27.98,0.57757
27.99,0.44838
28,0.30902
28.01,0.16264
28.02,0.012566
28.03,-0.13779
28.04,-0.28502
28.05,-0.42578
28.06,-0.55688
28.07,-0.67533
28.08,-0.77846
28.09,-0.86392
28.1,-0.92978
28.11,-0.97453
28.12,-0.99716
28.13,-0.99716
28.14,-0.97453
28.15,-0.92978
28.16,-0.86392
28.17,-0.77846
28.18,-0.67533
28.19,-0.55688
28.2,-0.42578
28.21,-0.28502
28.22,-0.13779
28.23,0.012566
28.24,0.16264
28.25,0.30902
28.26,0.44838
28.27,0.57757
28.28,0.69365
28.29,0.79399
28.3,0.87631
28.31,0.93873
28.32,0.97986
28.33,0.99874
28.34,0.99495
28.35,0.96858
28.36,0.92023
28.37,0.85099
28.38,0.76244
28.39,0.65659
28.4,0.53583
28.41,0.40291
28.42,0.26084
28.43,0.11286
28.44,-0.03769
28.45,-0.18738
28.46,-0.33282
28.47,-0.4707
28.48,-0.5979
28.49,-0.71154
28.5,-0.80902
28.51,-0.88814
28.52,-0.9471
28.53,-0.98456
28.54,-0.99968
28.55,-0.99211
28.56,-0.96203
28.57,-0.91011
28.58,-0.83753
28.59,-0.74594
28.6,-0.63742
28.61,-0.51444
28.62,-0.37978
28.63,-0.2365
28.64,-0.087851
28.65,0.062791
28.66,0.21201
28.67,0.35641
28.68,0.49273
28.69,0.61786
28.7,0.72897
28.71,0.82353
28.72,0.89941
28.73,0.95486
28.74,0.98865
28.75,1
28.76,0.98865
28.77,0.95486
28.78,0.89941
28.79,0.82353
28.8,0.72897
28.81,0.61786
28.82,0.49273
28.83,0.35641
28.84,0.21201
28.85,0.062791
28.86,-0.087851
28.87,-0.2365
28.88,-0.37978
28.89,-0.51444
28.9,-0.63742
28.91,-0.74594
28.92,-0.83753
28.93,-0.91011
28.94,-0.96203
28.95,-0.99211
28.96,-0.99968
28.97,-0.98456
28.98,-0.9471
28.99,-0.88814
29,-0.80902
29.01,-0.71154
29.02,-0.5979
29.03,-0.4707
29.04,-0.33282
29.05,-0.18738
29.06,-0.03769
29.07,0.11286
29.08,0.26084
29.09,0.40291
29.1,0.53583
29.11,0.65659
29.12,0.76244
29.13,0.85099
29.14,0.92023
29.15,0.96858
29.16,0.99495
29.17,0.99874
29.18,0.97986
29.19,0.93873
29.2,0.87631
29.21,0.79399
29.22,0.69365
29.23,0.57757
29.24,0.44838
29.25,0.30902
29.26,0.16264
29.27,0.012566
29.28,-0.13779
29.29,-0.28502
29.3,-0.42578
29.31,-0.55688
29.32,-0.67533
29.33,-0.77846
29.34,-0.86392
29.35,-0.92978
29.36,-0.97453
29.37,-0.99716
29.38,-0.99716
29.39,-0.97453
29.4,-0.92978
29.41,-0.86392
29.42,-0.77846
29.43,-0.67533
29.44,-0.55688
29.45,-0.42578
29.46,-0.28502
29.47,-0.13779
29.48,0.012566
29.49,0.16264
29.5,0.30902
29.51,0.44838
29.52,0.57757
29.53,0.69365
29.54,0.79399
29.55,0.87631
29.56,0.93873
29.57,0.97986
29.58,0.99874
29.59,0.99495
29.6,0.96858
29.61,0.92023
29.62,0.85099
29.63,0.76244
29.64,0.65659
29.65,0.53583
29.66,0.40291
29.67,0.26084
29.68,0.11286
29.69,-0.03769
29.7,-0.18738
29.71,-0.33282
29.72,-0.4707
29.73,-0.5979
29.74,-0.71154
29.75,-0.80902
29.76,-0.88814
29.77,-0.9471
29.78,-0.98456
29.79,-0.99968
29.8,-0.99211
29.81,-0.96203
29.82,-0.91011
29.83,-0.83753
29.84,-0.74594
29.85,-0.63742
29.86,-0.51444
29.87,-0.37978
29.88,-0.2365
29.89,-0.087851
29.9,0.062791
29.91,0.21201
29.92,0.35641
29.93,0.49273
29.94,0.61786
29.95,0.72897
29.96,0.82353
29.97,0.89941
29.98,0.95486
29.99,0.98865
30,1
